date,review,rating,isEdited,title,userName,developerResponse
2020-02-03 16:39:09,I have been reading stories on this app.. they are very interesting but there is a problem too.. whenever you complete one chapter and are going to start the new one the app shut down itself and then it is required to reopen again.. and you are back to the previous chapter again.. this is so annoying üòí,4,False,Problem in the app,280Kashu,
2021-12-03 03:50:18,"See let me tell you this app is amazing all the other comments which say it‚Äôs not nice font trust their words as because after the update it‚Äôs very nice . Even if you don‚Äôt have diamonds there are even maple coins that they give you just click on that and take a diamond pass which comes from maple coins but not real money after clicking it you can use it anywhere when you have less diamonds 

And if you wan to become writer in this app even that option is available if your book gets enough ratings and stars you will even get real money for that 

Overall this app is amazing ü§©",5,False,Amazing üòç,Name .... Name ......,
2020-02-06 06:21:05,"Hello I have been a frequent user of the app and some time before I had to delete it because of space problems but today I redownloaded it and when I got on the profile page to login the app demanded the way of choosing the Facebook or google when I clicked goggle or even Facebook it showed the page of login but it kept downloading again and again and showed the message if you wanted to sign in and when I selected continue ,this thing happened again and when I clicked cancel the app on itself shut down and brought me back to my home screen. Please fix the problem",3,False,Problem logging in,bh2309,
2020-04-17 05:41:36,"I tapped an in app purchase that said it cost 0.99$ on the app. While purchasing, it showed 79‚Çπ which was the correct conversion rate. After approving the payment, to my utter shock, 1500‚Çπ got debited from my bank account which did not even reflect in the form of purchase that I had meant to pay for in the app.
In grave times like these where every penny matters, economies are collapsing, the world is in a crisis, I am enraged by this loss that I have incurred due to the fraudulent nature of this app. Beware of these cheaters.
Go read an actual book rather than wasting money on this. All their ‚Äúinteractive‚Äù books are available in pdf/ebook versions anyway.",1,False,Fraud app,Shirin25,
2020-09-27 18:23:57,"This game is so amazing! I just really love it! There are so many stories with choices to choose from and so many books that others have written! Being friends, chatting and sending bubbles - wow! ü§©
I just really like the fact that we can write and own stories and participate in the challenges! 
I really recommend you guys to download it! 
So happy I got to know about this game!",5,False,Amazing!,Ros√©09,"{'id': 18512540, 'body': 'Dear friend, We would like to thank you for your kind review. We will always do our best to ensure customer satisfaction, and it is good to hear that you have had a positive experience. We have 3rd Anniversary,buy one get one free activity with limited time from 15-17 Oct 2020. Please visit Chapters again soon to get our latest stories. Many thanks.', 'modified': '2020-10-16T03:08:09Z'}"
2019-05-07 06:19:37,"I've been playing this for a while and I think the stories are pretty interesting. But the problem is with the passes, we have to wait for more than an hour but only get 2 passes. I really hope that you make changes so that we get about 4-5 passes, which will be worth the waiting time (And so people don't lose interest in the game). Other than that, it's a good game. :)",4,False,Great game but a request,Jen10fav,
2021-10-09 21:07:44,"Hy! A few months back my community stories started to not open, everytime i try it will show spoor network connection, i am so sad abt it i am reading 7 books from community amd i can't read any of them i feel like crying please help asap also i have an ios if it helps, team chapters please help.",4,False,I can't open community stories,blackbarbie0711,
2018-12-12 13:42:22,I love the app and all the stories. But I‚Äôve been having this problem off late where the app takes too long to load and the stories also all download too slowly. Haven‚Äôt been able to play for so long coz I need to wait at least 8-10 minutes or more for a story to download 100%. Please help with this issue.,4,False,Takes to long to load !,Isha_xo_,
2020-05-26 20:33:58,The stories are really interesting only if we get to play in continuation. We get only one pass after waiting for an hour n Only left with one diamond. How do u suppose us to select most of choices without even half of the diamonds u ask for. This game just turns of ur interest after palying 2-3 chapters that includes choices. You should provide more tickets and diamonds if u really want the players to have fun and fulfilment with ur app.,3,False,Fraud,michakunjus,
2019-08-22 01:39:55,I enjoy the stories in this game. But new stories are becoming more and more expensive. I have been reading their stories for several months now. But lately with the increase in number of choices in a 20 chapter story and each costing several diamonds is starting to force me to slow down and look for alternatives.,4,False,Addictive but expensive,Vani1983,
2021-10-12 08:22:02,"I absolutely love this game! It‚Äôs one of the best I‚Äôve ever played‚Ä¶ But from some time there has been a lot of problem loading
I am not able to read any book coz it‚Äôs taking too much time to download and the app gets closed automatically 
The app is lagging too much 
Recently I wanted to start a new book but it‚Äôs not giving me enough time to choose a book the app gets closed again and again and I get frustrated 
Please fix my problem so that I play it always and give you a 5 star rating!üòÑ 
Hope you will see this soon and take the necessary precautions!‚ù§Ô∏è",4,False,Nice game but please fix my problem,Shrutiüñ§,
2021-03-02 06:03:03,"I love this app it is amazing but from few days this app is not working on my phone. Whenever I am opening the app it is itself shut down. Not only I reinstalled the app but also updated it but still it is not coming. 
 Please do solve my problem as soon as possible.",4,False,A request,Chapters_Interactive,"{'id': 21438798, 'body': '""Hello,We are sorry to hear that the App was not as your expected.Customers are all more than welcome to submit a question to our Customer Service team and we will reply within 24 hours.Your satisfaction is our top priority.  Please contact our customer support: support@crazymaplestudio.com.We will respond as soon as possible.\n\n""', 'modified': '2021-03-04T06:11:02Z'}"
2018-09-18 14:42:58,The stories are awsome. I enjoy spending time reading chapters. Only one problem whenever I use gems I expect to go it as per the matter mentioned wherein sometimes even after charging gems the story goes as it is. There is no point in spending gems on choices!,5,False,Amazing stories,anunni1987,
2019-01-05 08:26:43,"I really loved this game and enjoying all the chapters thoroughly.
The only thing I would like to mention is that you should add some mini games to earn diamonds cause they cost a lot and there is no any other way to earn A Single Diamond by completing one chapter.. that is really not fair..",5,False,Loved this game,dmadddd,
2019-05-03 18:14:57,"Love the app and love playing the chapters. But my request is to remove diamonds for outfits. Because you can only use so many diamonds for outfits and for choices. I would appreciate if you remove outfits diamonds, to let us enjoy the story more having our own choice of outfits. Thanks.",4,False,A request,Riicciii,
2020-07-05 09:12:26,"The concept of this app is fantastic. Am totally enjoying reading and the way it is connected is also fun but the worst is the compulsory ads and the wait for the pass. 
Plz understand that reading needs connectivity. all your stories so far has that but lacks with pass, diamonds, ads and etc. 
Plz do something about it or else will have to uninstall. Coz this frustrates and might spoil my reading habit.",2,False,Mood spoiler ... needs alert,Angel_Annie,
2019-08-19 06:12:01,"I love the stories. The game is very gud. I just had 2 requests:
1. Passes can be a bit more along with diamonds 
2. There should be an option to select the chapters to read again once you have completed it or the story just if required to read a specific part again",4,False,Nice Stories,Divg10,
2020-07-18 04:59:25,"I had accidentally logged out of my account yesterday. I haven‚Äôt been able to log back in since. I don‚Äôt know why, I logged in with my Facebook account but I can‚Äôt log back in since the log out. I tried several times. I uninstalled and reinstalled it. It‚Äôs still an issue. I have 2 stories to write. Please do something!",3,False,Log in issue,google angel,
2018-04-15 16:35:48,"Wow I dont have words to says but i love the stories üòçüòçüòòüòò cant get enough of the stories ‚ò∫Ô∏èüòç may i know this story will have full chapters ? Right one more thing make more live i mean the tickets alteast 10 please 
Thank you so much for making the as a game loved it alot üòçüòç‚ù§Ô∏è‚ù§Ô∏èüòòü§ó",5,False,Loved it,Akki_20,
2019-07-05 17:10:36,"To load even one chapter, it takes what seems like forever. I have been trying to load the same chapter for over two hours now, and it still hasn‚Äôt loaded. Some error keeps occurring and then the percent which has loaded also vanished and it starts from the beginning all over again. I thought that maybe it was my wifi that is slow, but my wifi is soo fast and there‚Äôs nothing wrong with it. Only the game.",1,False,THIS GAME TAKES TOO MUCH TIME TO LOAD!,chaeunwoo_,
2020-05-17 08:46:06,"It was working absolutely fine but after the latest update, it doesn‚Äôt even open. After clicking on the app it closes and my home screen appears. Please fix this.",4,False,Crashes,Navni28,
2019-05-24 08:47:36,"The game have been so far good. I have a problem, I couldn‚Äôt use the ‚Äòclean‚Äô. It actually doesn‚Äôt work due to which the app seems to take more space on my Iphone. Kindly, fix this issue.",5,False,Have a problem in cleaning,Alfazeena,
2019-01-24 12:03:39,After finishing one chapter we get too less diamond so im thinking why dont u increase the diamond by getting 2 or more diamonds after finishing please do make some changes cause sometimes the choice requires too much diamond so in order to havr fun while playing u must increase the diamond please other than that full of fun and interesting,3,False,Increase diamond,ceeeeyyyyyy,
2021-12-27 23:35:15,The stories seem to be nice. But the choices are designed to be really horrible if you don‚Äôt have diamonds. It really makes the story take unpleasant direction. It would be much better to reserve diamonds for premium choices instead of hurting characters for lack of diamonds.,3,False,Could be better,tutikpitik,"{'id': 27118587, 'body': ""Hello,\nWe're so sorry that we did not meet your expectations.\nWe're always looking to implement more opportunities so users can be rewarded more gems and tickets. We have a lot of surprises planned!\nPlease feel free to send us any suggestions you would like to see implemented. To send us a msg: please log into your app > Help >Feedback."", 'modified': '2021-12-29T08:55:29Z'}"
2020-04-17 18:46:04,"I am avid reader and have downloaded other reading games like choices and more but none are good in graphics and reading interface like ‚Äúchapters‚Äù! 
It‚Äôs pretty impressive and addictive too!",5,False,The best reading game compared to others!,archana_jojo_lady,
2023-05-10 20:53:51,Loving it . Amazing stories but i wish diamonds were easy to get . Some diamonds are paid so i have to wait for free diamonds so it‚Äôs bit difficult to choose . Otherwise love it,5,False,‚ù§Ô∏è‚ù§Ô∏è,Riding beauty,
2019-06-25 18:31:53,"The stories are interesting, they are a good companion and stress buster. But as you keep playing the application takes quite a lot of space which make it quite difficult to operate the device. Therefore I request you to please do some thing it. Thanks",4,False,Amazing Game,Vanda_1990,
2023-05-07 16:06:40,"Hey, I have been writing stories on this app for more than 2 years now. Earlier my stories used to get promoted by chapters but now it is so hard to reach the audience for my stories. I don‚Äôt know what to do and how to promote it to the audience.",4,False,Tap tale Writer,Madhavi02,
2019-05-26 15:48:51,"I love the stories! And the fact that we can choose how our love interest looks like.
But. It‚Äôs very difficult to customise cause in some cases you can change the hair, and some cases you can‚Äôt, and then you see a hairstyle that would look better with another face, but you can‚Äôt change the face once you‚Äôve chosen it.

Therefore, if you could add something like a ‚Äòare you sure‚Äô choice after we select the guy‚Äôs feature, just like the MC‚Äôs, it would really be helpful! 

Thanks!",4,False,"It‚Äôs really cool, but one request",Sili1237,
2019-11-23 01:42:38,"I love the app but it glitches all the time, the stories are amazing but now this glitch has gone worse cause I‚Äôm not able to open the app long, as soon as I open it, it closes again automatically, I don‚Äôt know if the problem is just for iPhone users but I‚Äôm not able to stay on the app. Please do something about it!",2,False,It‚Äôs glitching all the time,Jennifer0682,
2018-06-22 12:15:17,"The game is amazing, stories are addictive and the graphics are good took. The only not so good thing is we don‚Äôt get a lot of free diamonds and there are a lot of choices that cost diamonds. That is the only reason 4 starts otherwise it‚Äôs perfect",4,False,A nice companion,sherry212000,
2022-01-06 18:20:17,"It used to take 30 min for a key to restore but now it‚Äôs over an hour. Also I‚Äôm not getting ads at the end of each chapters, watching ads for diamonds was the only way of getting it. Fix it",3,False,Don‚Äôt like the new update,j ft,
2019-10-09 08:37:53,Stories might be great but many of us want to play as a male character. Which will make the game experience more fun and interesting for us.  This is a request. Thanks.,5,False,Please add option to play as male character,GTR3553,
2020-12-22 20:48:17,"In every update, they say that they are going to do bug fixes. I don‚Äôt see any. In fact, I recently downloaded this app and this app keeps on crashing again-again. I searched on google how to get rid of this crashing, but it didn‚Äôt helped. No matter what I do. I‚Äôve re-installed the app trice. I‚Äôve restarted my phone but still the app keeps on crashing and bringing me back to my home screen.",1,False,Worst app ever!!!üò°üò°,Park Jennifer,"{'id': 19976953, 'body': 'Hi,we are sincerely sorry for the problem you encountered.Our technical team was aware of the issue and has taken action to fix it.We appreciate your patience and understanding,and when you get into the app,please contact us through the feedback,we will compensate for you.Again,we apologize for the inconvenience and appreciate your understanding.', 'modified': '2020-12-24T09:37:26Z'}"
2021-10-31 14:54:44,It is a great app and I have been using it for almost 2 years and I really enjoyed the experience but nowadays the new addition that is visual stories of the user I don‚Äôt know why but I am not able to play them it is just not working. It is really disappointing.,2,False,Having issues,Ferra76,"{'id': 26224250, 'body': 'Hello,We are sorry to hear that the App was not as your expected.Customers are all more than welcome to submit a question to our Customer Service team and we will reply within 24 hours.Your satisfaction is our top priority.  Please contact our customer support: support@crazymaplestudio.com.We will respond as soon as possible.\n\n', 'modified': '2021-11-12T02:34:00Z'}"
2020-06-03 05:06:53,It's a really wonderful app but since it has been updated It's glitching at first it glitched a lot between stories and I had to read one chapter atleast three times and it took a lot of my time but now the glitching is there but it isn't so much so I request you to take care of this pleasee thanks .,3,False,Review,Invisible reality,
2018-06-10 15:25:36,"The game, and the stories are <3
But the shop isn‚Äôt working after the last update. Can‚Äôt pay or watch videos or apps for free diamonds/passes.",5,False,Shop isn‚Äôt working!,S_Dhar,
2023-10-07 14:43:49,this story feels so realistic.. you can imagine yourself in the characters..totally worth it..a big big yes for the game..go for it guys..i am in love with these stories,5,False,Love,itz.alexa,
2021-05-20 20:07:32,I‚Äôve been playing it for a while and it is a good one. After the last update the app is not working only. I tried opening it but it stops midway while loading. Please do the needful.,3,False,App user,Tejashree1294,"{'id': 23015477, 'body': ""Hi,We are sorry to hear the App was not as your expected.May I suggest that check your device is connected to Wi-Fi/data? Or put it into airplane mode for a few seconds.Let us know if this doesn't resolve the problem,please login your account and come to us via:Help>Feedback,and we will reply within 24 hours.Your satisfaction is our top priority."", 'modified': '2021-05-26T07:09:46Z'}"
2020-05-28 18:10:45,"After updating the app it‚Äôs getting close by itself in mid way. So, again and again i have to open it to read further. Kindly assist me with the same at earliest.",4,False,Error,subug25,
2019-05-30 09:16:24,"Honestly... I am a big fan of this game.. I lovvveee it... 
but I am very very angry.. because it takes so much time for a start..
There occurs different problems!!
Some times it hangs 
Some it is not working properly and what not.. 
I beg you... 
üôèüèªüôèüèªüôèüèªüôèüèª I want to read interesting chapters... 
please please..  make a solution for me...
I beg once again.. I am a mad lover of chapters!! 
Please do help me üôèüèªüôèüèªüôèüèªüôèüèª
Please 
Thank you 
Hope a good reply üôèüèªüôèüèªüôèüèªüôèüèªüôèüèªüôèüèªüôèüèªüôèüèªüôèüèªüôèüèªüôèüèªüôèüèªüôèüèªüôèüèªüôèüèªüôèüèªüôèüèªüôèüèª",4,False,Problem with interest!,Radhikaüëë,
2020-11-08 05:58:15,"This game is sooo good but the only thing is u have to pay for some of the things which is annoying!!Pls fix it but I love it soo muck get this app!! I don‚Äôt know why people saying it fraud??
Regards,Lily..",4,False,Good but have to pay for everything!!!,issjudcu,"{'id': 19009346, 'body': 'Dear,We are sorry to the inconvenience.We offer lots of ways to get free gems on our app.Please check out the achievements page,link your app to Facebook or google,follow players on their profiles,collect promo codes,watch ads,or just finish stories for more chances for free diamonds.Please feel free to message through the feedback function in app.\r\n', 'modified': '2020-11-10T06:16:43Z'}"
2020-12-22 12:49:59,"My chapters app is not working properly, the stories are not loading. I really love this app. I hope you it will be fixed soon.",4,False,Stories are not loading,nifasath,"{'id': 19977280, 'body': 'Dear player,We are sorry to hear the App was not as your expected.Please login your account and come to us via:Help>Feedback with more details with this issue,we will reply you within 24 hours.', 'modified': '2020-12-24T09:48:42Z'}"
2019-11-01 18:59:19,I‚Äôm playing it for the past 2-3 months and I‚Äôm loving it but the only problem is that the number of diamonds they ask is way too much.,4,False,Overall good!,manishameenaa35,
2019-10-21 10:22:30,This game has me hooked up day and night only if there was a way to get tickets and diamonds quickly somehow,5,False,Very interesting,Ahmwife,
2020-04-29 22:29:25,"The reward maple leaves from completion of chapter, story or watching an ad aren‚Äôt getting added. I have loosed more than 25 maple leaves till now. I think it‚Äôs all cause due to the new update. Please fix this immediately. I request.",3,False,The reward maple leaves aren‚Äôt Added,ZeeshanSaha,
2024-08-15 14:38:27,I think there‚Äôs some issues going on with the app. It‚Äôs not letting me in.,4,False,Problem opening the app,ShahK01,"{'id': 46149079, 'body': 'Sorry for the inconvenience. The issue has been resolved and you can restart the application to continue enjoying our stories. Hope it helps. Feel free to send us any suggestions: log into your app > Help >Feedback.', 'modified': '2024-08-21T08:24:51Z'}"
2020-11-08 08:05:09,"Chapters is a wonderful app. I liked it very much. 
My only concern is the fact that the app simply doesn‚Äôt open. 
I mean, it simply does not load beyond 73%. 
Even if it does and I try to open any book or chapter, the app just crashes. 
The glitch is preventing me from enjoying my experience with the app. 
Please address the problem.",5,False,Problem opening the app,23.Leo,"{'id': 19010041, 'body': 'Dear,Thanks for your support and love.Thanks for your feedback.We have reported this issue to the relevant departments, and they will improve it.Please login your account and come to us via:Help>Feedback,if you have any other questions,we will reply you within 24 hours.', 'modified': '2020-11-10T06:48:05Z'}"
2020-05-03 11:08:46,It is really an intriguing game but the problem is the diamonds. You don‚Äôt get enough of it and choices are so expensive in that sense.,5,False,An interesting game.,KateQuinn121,
2023-08-15 05:19:10,Love the game it is amazing and awesome thanks developers who have created the game thank you for all the hard work,5,False,Amazing,Nightweed123,
2020-06-09 16:33:46,I love this game but there seems to be some problem with the app. It stops working as soon as I enter the app. I deleted and downloaded the app again but still the same problem. Please look into it. I really miss reading chapters.,3,False,Good game,chapersplshelp,
2020-06-14 05:36:11,Whenever I open chapters it started to play sound automatically which is very irritating. Kindly look into this. After resolving this I‚Äôll change my rating.,3,False,Sound issue,Ravdeep Kour,
2020-05-08 16:08:22,I believe the stories are great but the problem is with the passes. We have to wait for 2 hours to get a pass. Atleast pass down 2 passes for the wait of 2 hours. Or make us wait for 3 hours and pass down 4 passes.,3,False,Good app,chapterreader,
2020-05-11 15:04:28,Amazing app and stories and the storyline looks great ! Should definitely download it if interested in fanfics and the whole idea of graphic novels.,5,False,Must have,Jeerawla98,
2020-06-20 09:23:18,Love this game so much! The graphics the sound everything is just perfect. Waiting for more stories by Jerilee kaye,5,False,All time favorite,janice___22,
2018-06-22 06:11:32,"With the new update, i‚Äôm Not getting diamonds after playing the chapter",5,False,Not getting the diamond,iasniki,
2020-02-16 06:06:18,Its so interesting. Many different stories comes . There are many choices its amazing,5,False,Obsessed with this app,GURNEER KAUR,
2023-05-27 06:04:11,I live th√© chapters and it‚Äôs storyline but I don‚Äôt understand why is there a need to pay money for earning the diamonds? There should be some other means or to increase the no of diamonds earned for finishing a chapter,3,False,Good,Priyamvada001,
2018-09-26 18:14:33,Simply loved the beauty of bringing a story with such vibrant visuals. It makes so creative n stuck to it.. Just loving every book n chapter.. Am so on this..,5,False,Amazing books. Twists n love love love,Smriti Shrivastava,
2021-06-23 15:42:44,I am think game for quite a while now and honestly its amazing,5,False,5,sharma1991,
2020-01-24 18:01:27,Great stories and pretty engrossing too. Waiting to get the diamonds to choose options is some times too long a wait,4,False,Diamonds,rockingannie,
2021-05-24 13:12:34,"This is a great game. I love it more than anything.
A small request tho add some high school love stories. I‚Äôd appreciate it",5,True,The Best,CarlaCurtin,"{'id': 18512548, 'body': 'Dear friend, We would like to thank you for your kind review. We will always do our best to ensure customer satisfaction, and it is good to hear that you have had a positive experience. We have 3rd Anniversary,buy one get one free activity with limited time from 15-17 Oct 2020. Please visit Chapters again soon to get our latest stories. Many thanks.', 'modified': '2020-10-16T03:08:44Z'}"
2020-08-07 09:33:10,Why ticket for every chapter? Waiting for tickets is annoying can u plz Remove it,5,False,Great but..,enjoy for lfe in game,
2020-05-16 04:24:12,From past 2 days facing problem in recieving the diamonds and leaves. They are not getting added inspite of completing all the tasks and chapters. I have lost nearly 50 leaves due to this which are not getting updated in the game. Kindly fix the bugs.,2,False,Facing probs with diamonds Nd leaves,kumarsamvi25,
2020-04-02 17:13:42,"Please make the TapTales dialogue editor readable the dialogues are unreadable as they are white on a light grey background I get frustration when I don‚Äôt know what I am typing because I can barely see it
Please fix this issue",3,False,Good but,Parth41,
2019-09-24 10:40:57,"Pathetic UI ! No story would ever actually start , would keep preparing the protagonist and the story scenes for hours and then would auto close the app. Get a better team of developers working on the back end.",2,False,Waste of time and phone memory,ChanderMeghani,
2018-07-13 04:33:18,Please increase the number of tickets,5,False,Please increase the number of tickets,Jashomita,
2020-09-05 18:31:29,"The app freezes when it starts to load; and I‚Äôm always stuck at 68%. It has been happening for the past two days. I‚Äôve updated the app, tried uninstalling and reinstalling it; but nothing seems to be working.",1,False,Loading freezes,alicedave,"{'id': 18498165, 'body': 'Dear, We apologize any inconvenience caused.\nMay I suggest that check your device is connected to Wi-Fi/data? Or put it into airplane mode for a few seconds. \nAnd you are welcome to submit a question to our Customer Service for assistance. \nYour satisfaction is our top priority. Please login your account and come to us via: Help>Feedback. ', 'modified': '2020-10-15T10:05:56Z'}"
2020-03-30 14:16:04,"Amazing, specially now during home quarantine days. U also try and get the experience.",5,False,Amazing,doyo9,
2021-05-12 19:31:27,Its perfect game but you sould update the passing so we can enjoy more,4,False,Passing problem otherwise great game,YO HO HO OYXYOCO,"{'id': 22801787, 'body': 'Hello! Thanks so much for your feedback. We are always looking for new ways to make our app more interesting for users, and would love to know how we can get your five-star review. Please feel free to message with some ideas on how to make the app more fun through the feedback function in app.', 'modified': '2021-05-14T06:44:02Z'}"
2018-04-22 18:17:52,I like the stories but wait for a new chapter is too long,5,False,Update new chapers fast,3rudu,
2020-04-17 07:53:05,"Everything depends on if you have those idiot Diamonds or not 
And watch videos for them but they are limited too. 
We know you guys (app developers) want to make money by selling us and we do that by watching videos to earn Diamonds but we do not want to buy the diamonds and spend money to chose the storiesü§¶üèª‚Äç‚ôÄÔ∏èü§¶üèª‚Äç‚ôÄÔ∏èü§¶üèª‚Äç‚ôÄÔ∏è

I thought it would be more interesting to play a game different than others 
But it has become more annoying than getting killed in Pubg Classic Match and not Re-spawn! 
ü§¶üèª‚Äç‚ôÄÔ∏è

WORST APP EVER!!!",1,False,Worst App Ever!!! üò°üò°üò°üò°üò°üò°üò°üò°üò°üò°üò°,valkeyie23456,
2024-11-10 15:38:24,Collecting the diamonds can be annoying sometimes.,3,False,Daily bonus should be get provided,Atulanshoo,"{'id': 48210815, 'body': 'Pity if the game did not live up to your expectations. We try to maintain a balance between f2p and paid content, and enrich the content and provide users with a better experience. There are many ways to earn diamonds, watch Ads, earn free diamonds. You can also choose to subscribe for less diamonds cost and enjoy more benefits.', 'modified': '2024-11-14T09:09:01Z'}"
2023-05-04 10:46:02,Chapters is an amazing app which provide some great stuff to entertain oneself. I am in love with the app.,5,False,Great experience,kang mi reah,
2018-05-06 10:23:14,Stories are quite interesting and keeps you engrossed,5,False,Interesting,Champs_15,
2020-10-20 02:40:35,App is not working from past 1 day I had updated it then it still did not work then reinstalled it still not working please helppppp,2,False,App problem,Deepadao,"{'id': 18614328, 'body': ""Dear friend, We are sorry to hear that the App was not as your expected.We will do our best to improve this program.May I suggest that check your device is connected to Wi-Fi/data? Or put it into airplane mode for a few seconds. Let us know if this doesn't resolve the problem by emailing us at support@crazymaplestudio.com.üíï"", 'modified': '2020-10-21T09:07:44Z'}"
2021-12-10 22:25:06,"The game overall is amazing but with the last update I am facing some problems with the app. It is stuck on the homepage, won‚Äôt go beyond 90%?and then shows an error loading the game. Please fix it.",1,False,App crashes,vedhagupta,"{'id': 26793074, 'body': ""Hi,We are sorry to hear the App was not as your expected.May I suggest that check your device is connected to Wi-Fi/data? Or put it into airplane mode for a few seconds.Let us know if this doesn't resolve the problem,please login your account and come to us via:Help>Feedback,and we will reply within 24 hours.Your satisfaction is our top priority."", 'modified': '2021-12-13T07:35:40Z'}"
2021-03-31 13:05:00,I just didn‚Äôt like the concept of watching the video for couple of diamonds. Moreover each choice costs more than 17 diamonds which seems not right. At times post completing a chapter there will not even a video add available for free diamonds. Pity üôÅ,1,False,Couldn‚Äôt get enough diamonds,tejsru,"{'id': 22005592, 'body': 'Hello,We are sorry to hear the App was not as your expected.We offer a lot of ways to get free gems on our app. Please check out the achievements page, link your app to facebook or google, follow players on their profiles, collect promo codes, watch ads, or just finish stories for more chances for free diamonds.Please feel free to message with some ideas on how to make the app more fun through the feedback function in app.', 'modified': '2021-04-02T04:08:53Z'}"
2024-09-24 08:07:44,The stories are amazingggggg!!!!,5,False,Everything.,Kole Shine,
2020-10-09 13:17:12,This game is awesome in love to read stories but guys please don't make us wait 2 hours for two passes please make 3 4 passes or make waiting time less so that we guys can enjoy our game and give u guys 5 rate,2,False,Small request,DanCrysis,"{'id': 18587646, 'body': 'Dear,We are sorry to hear that the App was not as your expected.We will do our best to improve this program.üò´Your evaluation is very important to us.Your question has been reported to the relevant department.We will always do our best to ensure customer satisfaction,please email us at support@crazymaplestudio.com. üíûAnd the 3rd anniversary has a lot of activities and discounts!Have a nice day~', 'modified': '2020-10-20T07:12:56Z'}"
2021-04-10 07:52:54,I love this game so much it‚Äôs really good! But the only problem is I really want other ways to get diamonds,4,False,Amazing game,dmdujekeejhddnneueusjdndneuiee,"{'id': 22175633, 'body': 'Hello,We are sorry to hear the App was not as your expected.We offer a lot of ways to get free gems on our app. Please check out the achievements page, link your app to facebook or google, follow players on their profiles, collect promo codes, watch ads, or just finish stories for more chances for free diamonds.Please feel free to message with some ideas on how to make the app more fun through the feedback function in app.', 'modified': '2021-04-12T01:55:02Z'}"
2019-10-26 17:52:53,I have been trying to read a chapter of the book ‚Äòall the wrong reasons‚Äô but unable to do so as the app keeps crashing while reading. Tried multiple times even after killing and reopening the app.,1,False,App crashes on Iphone,Apurva19,
2021-03-02 04:50:29,I love this game. This is one of the best game I have played but I need fortune wheel. I request you to put a fortune wheel,5,False,Fortune wheel,aadya deepak,"{'id': 21438745, 'body': '""\nHello ! Thank you very much ! Your opinion is very valuable for the improvement of our game! We will take this into consideration and try to optimize the game by following your advice.Please feel free to message through the feedback function in app.\n""', 'modified': '2021-03-04T06:08:54Z'}"
2018-07-28 20:48:39,"I just love these chapters . They are so interesting that i literally spend all of my free time
On this application",5,False,Love the game,subu11,
2018-04-16 17:50:35,All the stories are just amazing....just can‚Äôt stop myself from reading....loving it....,5,False,Awesome,Jewel Eugine,
2022-05-20 20:23:24,I have been reading on this app‚Ä¶. And it is really amazing‚Ä¶ I love it totally.,5,False,Best app,Monu1595,
2020-05-18 20:49:06,Not giving enough diamonds,5,False,Private practice,wwert kgbnf,
2020-03-29 14:23:55,The download doesn‚Äôt increase from 74% since I installed the game. So please look into this issue.,3,False,Having Trouble while opening the game,innovative456,
2022-01-16 19:49:25,The app is not loading and showing network error where my wifi is working perfectly fine,1,False,App Not loading,harsh_dh_99,"{'id': 27504972, 'body': ""We're so sorry you've encountered this issue! Please contact us at support@crazymaplestudio.com with your details. Include your Game Id, the device you use and screenshots of the issue. We'll do our best to resolve it. Thank you!\r\n"", 'modified': '2022-01-18T07:43:19Z'}"
2019-10-03 08:50:46,This game is certainly one of the most exciting games.,5,False,Refreshing,HarleenKalsi,
2020-05-05 06:28:51,Tickets won‚Äôt recharge .. even after hours .. this happened after latest update..pls look into this,2,False,Problem with update,Priyakaurrajput,
2024-11-19 04:57:24,The stories are very interesting. Need to reduce the amount for buying diamonds,4,False,It‚Äôs very üëç,asma asu,
2020-12-22 19:51:43,"The new version of the app is not loading .. it is stuck at 68% and shows error to connect to server! 
Please fix it or else will uninstall",2,False,New version hangs a lot,Parveen sheik,"{'id': 19977114, 'body': ""Dear player,We are sorry to hear the App was not as your expected.May I suggest that check your device is connected to Wi-Fi/data? Or put it into airplane mode for a few seconds.Let us know if this doesn't resolve the problem,please login your account and come to us via:Help>Feedback,and we will reply within 24 hours.Your satisfaction is our top priority."", 'modified': '2020-12-24T09:42:41Z'}"
2020-07-26 11:09:36,Guys I want to know that where is the taptale named The Mafia King Nanny by Leanna...when I opened to read it...it showed that it has been deleted...WHY??? Where is the author..her account is deleted...plzzzzzzz replyyy Chapters Team.....plzzzzzzzz,3,False,Taptales,Gaulrijgsrih,
2019-09-26 01:46:01,Why the characters are not moving like real    So that it can make that we are watching a story not like reading the story as I feel right now during the chapters,2,False,Characters,C c phobia,
2020-04-23 09:03:00,It‚Äôs a nice app but need more free diamonds..otherwise it‚Äôs impossible to continue..,4,False,Good but too expensive,pallabiraha,
2022-04-13 18:31:01,It is user friendly. And very int,5,False,Great story lines and fun to play,maddy19rk,
2021-12-08 04:10:03,It‚Äôs. A very good game with very interesting stories and graphics,5,False,üëåüëåüëå,uytakebidn,"{'id': 26733090, 'body': 'Hello,thanks for your love and support!Your high score gives our team a great incentive!We are always looking for new ways to make our app more interesting for users.Please feel free to message with some ideas on how to make the app more fun through the feedback function in app.\n', 'modified': '2021-12-09T10:02:26Z'}"
2021-05-06 18:36:07,I just love reading these stories,5,False,Favourite,tinakapoor92,
2022-09-05 07:38:49,Not able to get free diamonds,5,False,Diamonds,nishikaraj,
2020-12-09 11:25:43,Time goes out so easily I just wish I had more passes üíï,4,False,A very fun game,panda78693,
2018-06-08 19:02:54,Some stories are narrated well while some stories are too lame.,3,False,"Game is fun to play , but content can be improved",Rishi-pandit,
2018-04-16 17:11:03,Awesome stories..Pulls you into the story and makes you realise it‚Äôs truly happening.. Amazing app !,5,False,Mesmerising,PinkLyr,
2023-03-02 19:45:34,Stopped working last night after I updated it. It‚Äôs hanging and crashing since then.,1,True,Disappointed,3pitch,"{'id': 31207711, 'body': 'Hello, sorry for bringing you inconvenience. Unable to enter the game / loading failure and other issues need more detailed information feedback to our technical team. Please contact our customer service team to describe your problem: support@crazymaplestudio.com, we will get back to you within 24 hours.\r\n', 'modified': '2022-08-01T10:22:46Z'}"
2020-03-13 13:36:57,All the stories seem so real.,5,False,Addictive,Har88,
2021-06-12 05:33:49,Too much for spendin a diamond and need to wait for two hours for 1 token,3,False,Expensive,wateveridomywish,"{'id': 23415145, 'body': 'Hello,We are sorry to hear the App was not as your expected.We offer a lot of ways to get free gems on our app. Please check out the achievements page, link your app to facebook or google, follow players on their profiles, collect promo codes, watch ads, or just finish stories for more chances for free diamonds.Please feel free to message with some ideas on how to make the app more fun through the feedback function in app.', 'modified': '2021-06-16T09:20:18Z'}"
2020-03-27 16:54:53,I can‚Äôt open it please help me out,5,False,Chapters,vaishnavi vennu,
2019-02-06 15:24:48,Not really my broke choice. You pay if you want to answer.,3,False,A choice for 12 diamonds.,CliveAndrades,
2018-04-29 15:44:14,"Love the stories, but for some reason the app stopped working!!! I don‚Äôt know why!!!",4,False,App,kedi6272!/‚Çπ&/&19-@,
2020-05-02 19:57:08,When I open the app it just loads for 72% & stops der forever it doesn‚Äôt move a bit,2,False,Issues loading,chaithu cherry,
2020-01-22 08:19:21,"I‚Äôve been playing the game for a while n recently switched to iOS the update version is pathetic and keeps crashing and slows down the phone 
You guys gotta do something!!",1,False,Don‚Äôt update,shwetaahire,
2020-07-06 11:53:55,Diamonds are a huge problem. They destroy the fun. Except that the game is worth trying.,4,False,Diamonds,Rajesh khana,
2024-10-15 22:49:09,My money went through but the app services does nothing to refund my money which hasn‚Äôt appeared in game!,1,False,Horrible service,Rhea Varghese,"{'id': 47517563, 'body': 'Sorry for the inconvenience, but we need more detailed info for further checking. Please go to Help >Feedback in your app Chapters and describe your problem or send it to support@crazymaplestudio.com. The customer service team will get back to you within 24 hours', 'modified': '2024-10-17T09:07:29Z'}"
2020-06-13 18:00:55,Interesting game but fix something on diamonds and ticket...,4,False,I like it,zzzzzzzzzzhhggsss,
2018-12-30 03:21:47,The tickets don‚Äôt get loaded even after 2 hrs. I have to always keep the mobile on for the timer to work correctly...,1,False,Tickets don‚Äôt get loaded. Timer not working correctly.,A user üò°üò°üò°üò°,
2020-05-31 13:31:37,Because I am paying for one BI love this,5,False,The best in the world,dddrfyghj,
2019-11-25 08:44:56,"It‚Äôs very very irritating to wait for 2-3 mins to load whole thing and later on it crashes down .. every time 
PLEASE SOLVE THIS PROBLEM!!",2,False,Great game but it crashes on ios,freyie,
2019-08-15 14:39:15,"There‚Äôs something wrong! I have to wait for almost 2 hours for one pass whereas earlier it was just half hour. This is the second time this has happened. 
#majorhate",1,False,Rubbish,sapphire1708,
2019-02-07 18:02:49,I‚Äôve uninstalled this app long back and I‚Äôve no subscription for this but my money is being deducted from my account every month I‚Äôm not getting any invoice. I don‚Äôt know how to stop this.,1,False,Fraud,s.soans,
2020-01-01 14:45:46,Whenever I open the app it just hangs and closes and I‚Äôm back at the home screen,2,False,Glitchy,Animelover;),
2023-04-17 11:03:49,Awesome chapters ‚ù§Ô∏èbut choice passes and diamond choices are always struggling.,4,False,Chapters,urvieeeeee,
2020-04-02 21:03:47,Happy reading the stories,5,False,Great reads,eg2229,
2019-04-02 06:59:32,The game is not opening just showing the first page and closing. Giving very much problem.,1,False,Page not opening.,Aysarya Basu,
2020-08-27 12:03:49,The app is crashing a lot!!!,3,False,Problem,nicktbfcy,
2020-06-01 03:14:35,You should not give ad before the chapter. You should give the diamonds after completing each chapter and not for an ad but for free,1,False,A good game,Drishru,
2020-09-06 18:48:54,Pls pls give more of them gems and passes pls ma‚Äôam or sir pls,4,False,Chapters please give more gems and passes plsssss,raiy2003,"{'id': 18512183, 'body': 'Dear friend, We would like to thank you for your kind review. We will always do our best to ensure customer satisfaction, and it is good to hear that you have had a positive experience. We have 3rd Anniversary,buy one get one free activity with limited time from 15-17 Oct 2020. Please visit Chapters again soon to get our latest stories. Many thanks.', 'modified': '2020-10-16T02:48:57Z'}"
2021-04-23 18:19:54,"The whole in one aap it is! 
The stories are mesmerising and aspiring üëÄ",5,False,Amazing Catergories,kiara_1827,
2020-11-10 20:03:10,It is very beautiful app with lots of amazing stories,5,False,ü•∞ü§©ü§©,Affu‚ô•Ô∏è‚ô•Ô∏è‚ô•Ô∏è,"{'id': 19057953, 'body': 'Dear,thanks for your love and support!Your high score gives our team a great incentive!We are always looking for new ways to make our app more interesting for users.Please feel free to message with some ideas on how to make the app more fun through the feedback function in app.\r\n', 'modified': '2020-11-12T06:39:03Z'}"
2023-10-23 12:21:31,Best,5,False,Best than choices,Anna01296,
2020-06-17 20:35:26,Couldn‚Äôt stop reading stories out of it. So dreamy,4,False,The chapters are awesome,hareeni anbu,
2018-10-16 17:41:38,Almost all the choices require diamonds and why would I spend trillions for a game?,2,False,Too much money involved,Hrahsel,
2018-04-04 12:06:50,I‚Äôm excited let‚Äôs see,5,False,Prince with benefits,Eletae,
2020-03-26 18:18:31,It‚Äôs a good app. Very good stories. But it cost a lot of daimonds,5,False,App rating and review,alie brent,
2020-06-04 04:12:03,I have deleted and downloaded it multiple times still it refuses to open. Fed up of it,1,False,Too many bugs,LoL!ü§£,
2018-08-04 04:47:22,Well this is just like episode the game u copied!!!!!ü§Æü§ßüò∑ü§¢,5,False,Horrible,myshha,
2020-03-26 03:56:58,Fix it,3,False,Less diamond & it‚Äôs very difficult to get,meowir._,
2020-12-13 09:17:44,"App gets stuck and closes constantly, fix it.",2,True,App crashes,sconem,"{'id': 19214453, 'body': 'Dear,we are sincerely sorry for the problem you encountered.Our technical team was aware of the issue and has taken action to fix it.We appreciate your patience and understanding,and prepared a small gift for you.It will be delivered to your account within 24 hours.Again,we apologize for the inconvenience and appreciate your understanding.\n', 'modified': '2020-11-19T08:59:19Z'}"
2020-03-30 04:46:33,".less diamonds ,hard to earn",3,False,Not bad,Thangpu,
2020-04-19 08:41:49,"It‚Äôs quite good, I enjoy playing it",5,False,Good,Sonii K,
2018-09-16 16:27:11,So so luv d stories it‚Äôs makes u so addictive,5,False,Luv it,Debu269,
2024-03-22 13:16:54,Nice stories.. really engaging and interesting.,4,False,Stories are great,Aarohi3029,
2020-07-17 15:59:19,Unable to login using Facebook id due to which I have lost track of my books,1,False,Unable to login using Facebook I‚Äôd,SatVik91,
2020-04-21 11:15:36,"I‚Äôm in total love with this game !!!! 
This is the best !!
The animations and the choices 
Omg!!!!! 
And the best stories of all !!!!!‚ô•Ô∏è‚ô•Ô∏è‚ô•Ô∏è‚ô•Ô∏è‚ô•Ô∏è‚ô•Ô∏è‚ô•Ô∏è‚ô•Ô∏è‚ô•Ô∏è‚ô•Ô∏è",5,False,Love it ‚ô•Ô∏è‚ú®‚ú®,Anu1401,
2020-03-16 18:27:33,These stories are perfect,5,False,Fabulous,arsh...123446789,
2019-11-11 08:47:33,"It collects only 2 pass I have to use one to collect them, it is frustrating I can only play two chapters max ata a time",1,False,Only 2 pass,casrpandya,
2020-04-03 11:55:39,Good stories so far.,4,False,Interesting,mkajlksk,
2018-05-20 10:43:28,I am in love with the app it's kind of an addiction to me...,5,False,Lovely,Farar khan,
2024-11-01 20:43:23,The stories are great,5,False,üëç,Nice229954,
2020-11-19 18:13:09,The application doesn‚Äôt open at all. Stays stuck at the Home Screen.,1,False,Not opening,Alodaae,"{'id': 19256134, 'body': ""Dear,We are sorry to hear the App was not as your expected.May I suggest that check your device is connected to Wi-Fi/data? Or put it into airplane mode for a few seconds.Let us know if this doesn't resolve the problem,please login your account and come to us via:Help>Feedback,and we will reply within 24 hours.Your satisfaction is our top priority."", 'modified': '2020-11-21T08:11:50Z'}"
2020-07-11 16:27:10,Unable to open the app from past 4 days .... could you guys please resolve the problem asap,1,False,Unable to use app,sreyareddy,
2020-04-12 19:27:28,Nice story line and interface.,5,False,Exvellent game,Als00009,
2020-09-05 08:13:45,just could increase the no of tickets for an hour,5,False,great,navi1509,"{'id': 18512125, 'body': 'Dear friend, We would like to thank you for your kind review. We will always do our best to ensure customer satisfaction, and it is good to hear that you have had a positive experience. We have 3rd Anniversary,buy one get one free activity with limited time from 15-17 Oct 2020. Please visit Chapters again soon to get our latest stories. Many thanks.', 'modified': '2020-10-16T02:46:19Z'}"
2021-02-25 02:43:19,"Ohh boyy,I love this game 
am on this game like for 24/7",5,False,Oh boyy,kikykolla,
2020-03-26 19:40:22,Its a amazing game... addicted to it! But can lower the ticket timing. Cant wait for long.,4,False,Amazing game,Chef Ninnu,
2018-12-13 12:21:49,It‚Äôs a lovely game and it‚Äôs also a game like this üíèüë´üëôüòçüòò,5,False,Chapter üòç‚ù§Ô∏è‚ù§Ô∏è,rinku didi dadi papa,
2020-09-24 22:11:57,Worth spending timeon it,5,False,Amazing application,kiarava,
2018-02-28 14:30:17,It‚Äôs so goodüòç. I‚Äôm in love with these stories ‚ù§Ô∏è,5,False,Interesting,‡®ï‡©å‡®∞,
2020-01-10 07:14:44,The video doesn‚Äôt play. Not able to collect diamonds. Can‚Äôt continue the game,1,False,Unable to collect diamonds,The Girl with Black Bird,
2021-01-15 18:16:40,Beautiful stories,5,False,Great,sun n shind,"{'id': 20551560, 'body': 'Dear player,thanks for your love and support!Your high score gives our team a great incentive!We are always looking for new ways to make our app more interesting for users.Please feel free to message with some ideas on how to make the app more fun through the feedback function in app.\r\n', 'modified': '2021-01-21T11:32:09Z'}"
2020-04-18 05:46:24,It says error R0016,3,False,Having trouble logging in,Melo2412,
2018-10-11 18:16:11,Great artwork and variety in stories,4,False,Enjoyable stuff,S3nseiSoren,
2020-04-21 07:13:22,I made a purchase of 79 did bit receive the diamonds in my account . Kindly help.,1,False,Made a purchase but not received the diamonds,Akansha_Giri,
2020-01-02 18:27:06,Amazing and entertaining stories,4,False,Great stories,Skhutliwala,
2020-04-18 14:02:04,"Very hooking! Loving every book, so far!",4,False,Awesome!,Sravs4,
2019-10-13 12:40:47,Great books great stories great chapters,5,False,Good,Raul1793,
2022-03-03 21:12:51,it would be better if you add more lgbtq+ stories!!! please!!!,5,False,great,urmomfr,
2020-07-05 10:23:54,It is a great pass time,5,False,Amazing game,fgfgfgfgjgcxbr,
2017-12-18 11:15:13,Keeps u engrossed in des lovely stories,5,False,Nyc game,Geet@saini,
2020-05-25 00:49:09,"Great game. Only 1 flaw.
The number of diamonds need to be increased",3,False,Great but few diamonds,rhea_04,
2018-05-10 21:51:52,Love the books,4,False,‚ù§Ô∏è,sweetysinghchandra,
2024-12-20 11:58:41,Bring good chapters,5,False,Good game,Kabhikhushikabhighum,
2018-06-28 13:33:29,Lovely stories,5,False,Really good,Storyteller187,
2020-03-31 13:45:26,This app is good for people who love a nice crispy romance‚ù§Ô∏è,5,False,Best indeed,Roohman26,
2017-12-18 09:13:15,Nice,5,False,Must try,neha02,
2024-07-23 18:02:18,enjoying it,5,False,like this app,luv ty,
2020-04-08 11:04:58,Loading 73% since 8 hours,2,False,Loading 73%,Simoliii,
2021-09-29 03:39:38,Its addicting,3,False,And interesting,Aabira,
2020-05-12 20:09:52,Good stories,5,False,Amazing app,varada11,
2018-04-27 05:34:10,Its pretty amazing. Good selection of books..! Loving it üòçüëçüèª,4,False,Fun..!!,Noor441,
2024-03-28 19:27:39,So far good,5,False,Yeah,dilseashish,
2024-02-17 13:41:39,So far so good,4,False,Great,Kikiraniraman,
2020-03-20 20:24:51,It‚Äôs a really nice app  . I love it !!!,5,False,Amazing app,promoprince,
2018-05-01 10:40:10,Amazing stories,5,False,So good,himmy96,
2020-08-10 18:35:43,Stopped working all of a sudden. App doesn‚Äôt open!!,1,False,Stopped working.,HelloItsNadiya,
2019-09-21 21:10:47,The stories are amazing!,5,False,Best,Saqshi,
2024-04-11 10:15:26,Bunch donned shines bigger bud bud his true. Jen,5,False,Guinnn,Jinan‚Äôs. S,
2020-05-11 17:43:55,I like it alot,5,False,It‚Äôs Awesome,poojakkk,
2020-04-19 20:09:18,Great App amazing stories,4,False,Great Stories,Rohsgshbs,
2020-04-13 06:51:41,Stories are great!,5,False,Good app,jamhb19965,
2020-04-09 13:36:46,Just so amazing üòç,5,False,Awesome app,doctor aayu,
2020-04-06 03:40:32,Nice game I‚Äôm respect enjoying it,5,False,Nice game,sinwrale,
2018-05-01 13:23:52,Loved all the chapters,5,False,üëç,Angeliquearoraaaa,
2017-10-31 16:10:51,I am in love with this game,5,False,What a game ??,Huddu123,
2021-01-23 14:36:01,Great chapters,5,False,Ready,SANSKRITI88,
2018-09-08 17:25:56,I love all the chapters,5,False,Kiss,ashansari,
2018-05-21 16:33:35,Love love love the stories üòçüëçüèª,5,False,Interesting,Ally_Amy,
2018-05-14 13:32:46,Can‚Äôt open the application in iOS. Please resolve the issue ASAP,1,False,Worst experience,enduserofchapter,
2020-02-29 21:34:52,Interesting crime stories,4,False,Medusa,Meduza1919,
2018-06-08 13:04:10,Very interesting,4,False,Lovely,chuha09,
2018-05-01 19:41:58,üëåüèª‚ò∫Ô∏è,5,False,Interesting!,_candyyyy_,
2024-06-06 20:52:09,Good,4,False,Quite good,MBTitli,
2023-03-04 19:01:11,Good stories,5,False,Good,Aaaaarci,
2020-06-22 17:33:25,Most of the stories are predictable,3,False,Great game,anu10234,
2018-07-27 13:51:19,Awesome stories! Fell in love with the characters!üòç‚ô•Ô∏è,5,False,Love‚ô•Ô∏è,sha-11,
2020-08-26 14:06:20,Interesting game and fun lovingüíõ,5,False,Awesome,Sehfat,
2020-03-28 20:21:31,‚ù§Ô∏è,5,False,Need diamonds,iam_sonaljain,
2018-05-05 16:40:55,Love choicesüíï,5,False,ü¶Ñ,jygdjk,
2020-08-16 09:14:00,I love it ‚ù§Ô∏è,5,False,Just wow this app is..‚ù§Ô∏è‚ù§Ô∏è,Rajshree‚ù§Ô∏è,
2020-06-26 09:54:40,Wonder in in,5,False,Complex sequences,Dania P Johnson,
2019-01-29 12:16:07,Every good answer is paidüòí,1,False,Money!,~Abby88~,
2017-10-30 09:26:37,I can't open the chapters. It show downloading fail please help,1,False,Duh,Write it again,
2020-04-08 12:07:46,Nice,5,False,Wonderful,db051191,
2018-06-03 17:48:06,"The in app purchase said the cost of diamonds was 400 INR, but 3000 INR got debited from my account.",1,False,In app purchase flaws,esha_rana21,
2025-01-12 04:14:59,Nice,5,False,Mind sharp krskta hain situation koh kese deal karna h woh seekhsakte h,Cheeku@,
2020-03-12 21:14:25,Superb addictive chapters..,5,False,Addictive..,Prady2417,
2019-12-28 05:43:00,Once a time this games used to be my favourite but nowadays it is throwing me out of the game!!!!!!!!!,1,False,Worst...,Jayanidhi,
2022-01-19 05:00:03,Amazing storyline; eye catching obvioüôåüèª‚ú®,5,False,Great,billian embarkey,
2020-03-31 11:41:35,It‚Äôs a nice app,5,False,Review,ifydoyctctdi,
2018-04-18 20:39:25,It‚Äôs great,5,False,I love it ‚ù§Ô∏è,d3miFaN!,
2018-10-09 12:10:35,I hv got ios 11 version bt game is not supporting. In my phone,1,False,Game not working,zarrreeng,
2024-04-09 19:18:20,the stories are nice and engaging,4,False,great stories,rupali d,
2019-10-21 08:46:13,Amazing app,5,False,Great game,TeAs022218,
2020-07-06 11:33:51,Really good game,4,False,Chapters,taranweer,
2021-05-19 19:21:36,Love it,5,False,Nice chapters,jig fh,
2021-04-17 08:32:09,Okay,1,False,To have and to master,k272001,"{'id': 22367343, 'body': 'Hello! Thanks so much for your feedback. We are always looking for new ways to make our app more interesting for users, and would love to know how we can get your five-star review. Please feel free to message with some ideas on how to make the app more fun through the feedback function in app.', 'modified': '2021-04-21T07:14:33Z'}"
2018-03-26 15:23:06,I love the game it's very amazing üëçüèªüëçüèªüëçüèªüëçüèªüëçüèª,4,False,Chapters,ginya8420,
2018-05-09 15:19:24,One of the best,5,False,Lovin em,sash369,
2020-04-02 07:27:19,Very good,5,False,Very good,bdxbnhn,
2020-03-24 16:24:33,Fun to play!,4,False,Amazing game!,shusshh,
2019-11-26 16:04:51,Need diamonds,4,False,Good,sam millionair,
2020-04-01 04:59:16,Good entertainment,4,False,Good,Nuts.96,
2018-07-09 04:57:25,Nice game,5,False,Best game,123rubi,
2023-01-10 12:25:43,This is the best game everrrr!!!,5,False,Awesome ‚ù§Ô∏è,babygal2003,
2020-09-08 19:06:41,Interesting game,3,False,Nice game,mick zen,"{'id': 18511603, 'body': 'Dear friend, We are sorry to hear that the App was not as your expected. And please pay attention to 3rd Anniversary,buy one get one free activity with limited time from 15-17 Oct 2020. Customers are all more than welcome to submit a question to our Customer Service team and we will reply within 24 hours. Your satisfaction is our top priority. Please login your account and come to us via:Help>Feedback.', 'modified': '2020-10-16T02:15:50Z'}"
2021-05-10 06:25:40,Nice game,5,False,Nice,airwaterearth,
2018-05-10 22:15:13,Good i love it,5,False,Good,Dia@0007@,
2024-12-20 15:17:56,Good,5,False,Good game,Akshi 153,
2020-04-17 07:58:19,Good app,5,False,Good app,Veenu 2001,
2020-06-08 09:38:52,Great game,5,False,Great,kellxx19,
2020-10-14 03:40:24,Awesome game,5,False,Awesome game,vrinda007,"{'id': 18591611, 'body': 'Dear, Thanks for your highest review..We will always do our best to ensure customer satisfaction, and it is good to hear that you have had a positive experience.If you have any other questions,pls email us at support@crazymaplestudio.com. Enjoy our 3rd anniversary party!More exciting activities!ü§û', 'modified': '2020-10-20T09:26:35Z'}"
2020-06-01 16:52:07,The game is awesome.,4,False,Nice game,anjana786,
2021-03-07 17:47:40,Nice,5,False,Chapters,ptyddvhtrdt,"{'id': 21553241, 'body': '""Hello,thanks for your love and support!Your high score gives our team a great incentive!We are always looking for new ways to make our app more interesting for users.Please feel free to message with some ideas on how to make the app more fun through the feedback function in app.\n""', 'modified': '2021-03-10T03:01:53Z'}"
2020-03-13 05:19:07,This is a nice game,4,False,Nice game,12345678910reet,
2022-03-23 17:14:20,Nice,4,False,Nice,1234ttbbkk123,
2023-10-28 19:57:58,‚ù§Ô∏è‚ù§Ô∏è‚ù§Ô∏è the story,5,False,nice,23rayu,
2020-03-24 16:40:35,Wow what game,5,False,Wow,ahsanat,
2018-09-19 16:53:35,Great,5,False,Great,Jatin445,
2023-07-20 00:04:09,Steamy,5,False,Steam,Anand Lele,
2018-01-05 08:08:42,Awsm app,5,False,Sweety,Yeshuuu,
2023-03-05 11:28:16,Okay,3,False,Okay,Situyt,
2020-05-24 17:06:52,app isn‚Äôt responding,1,False,chapters,amritja,
2020-04-14 06:16:00,It‚Äôs a nice game,3,False,Nice,DeVil04!,
2020-06-10 06:49:02,This is fun,5,False,Wow,estherchenpuii,
2024-10-18 17:04:21,Wowww woooww,5,False,Nice,James sama 1111,
2021-01-01 19:40:56,Great,5,False,Greatt,Aparna666,"{'id': 20161868, 'body': 'Dear player,thanks for your love and support!Your high score gives our team a great incentive!We are always looking for new ways to make our app more interesting for users.Please feel free to message with some ideas on how to make the app more fun through the feedback function in app.\r\n', 'modified': '2021-01-04T11:35:56Z'}"
2018-04-21 08:52:07,In love,5,False,üòç,drnandita,
2020-04-03 17:08:18,Loveeee itttt,4,False,Artist,pazhampori.,
2020-05-09 19:37:40,Yo,4,False,It‚Äôs good,Shefali Param,
2020-06-17 16:29:29,Good,5,False,Good,yashikapataudi,
2020-03-31 19:38:38,‚ù§Ô∏è‚ù§Ô∏è‚ù§Ô∏è,5,False,Love it,roooozorrrrrr,
2018-09-25 07:37:57,üëçüëçüëçüëç,4,False,Love it!!!!,.SS4ever.,
2025-02-08 13:22:32,Good,3,False,The,princemannotra,"{'id': 50310999, 'body': 'Hi , thank you for your support. We are so glad that you like the game and the stories. Your praise will be heard by authors. How about rate Chapters higher? Please feel free to send us any suggestions: log into your app > Help >Feedback. Enjoy reading and have a nice day!', 'modified': '2025-02-10T10:11:30Z'}"
2020-04-17 03:06:05,Good,5,False,Cf,f uh f gf,
2025-01-28 10:24:06,E,5,False,S,Worst game ever i had played,
2021-01-09 21:12:14,Good,5,False,Pp,siidhnaksohsvbsbj,
2020-11-25 20:35:20,Nice,3,False,Nicee,aakriti96,"{'id': 19388652, 'body': 'Hello! Thanks so much for your feedback. We are always looking for new ways to make our app more interesting for users, and would love to know how we can get your five-star review. Please feel free to message with some ideas on how to make the app more fun through the feedback function in app.', 'modified': '2020-11-27T10:06:00Z'}"
2019-10-27 14:36:36,Ok,5,False,Ok,Sssiimmmmraaannnnn,
2018-06-24 13:04:18,?!!!,4,False,Fr,unknown1602,
2020-06-03 10:26:35,Gu,3,False,R,sfuinvdt,
2022-04-05 10:33:52,‚ù§Ô∏è,4,False,‚ù§Ô∏è,reemmmz,
2020-07-28 23:50:48,Very interesting stories.just increase the passes.,4,False,Great,dfgytdxcgg,
2021-05-09 16:56:27,Fun app!!,1,False,Nice app,shivanginautiyal,"{'id': 22743739, 'body': 'Hello! Thanks so much for your feedback. We are always looking for new ways to make our app more interesting for users, and would love to know how we can get your five-star review. Please feel free to message with some ideas on how to make the app more fun through the feedback function in app.', 'modified': '2021-05-11T11:06:11Z'}"
2020-11-28 13:48:59,Best game  ever,5,False,üôÇ,aneja ankita,
2020-10-31 16:37:49,üëçüëçüëç,5,False,Superb,pretty lil chapters,"{'id': 18982996, 'body': 'Dear,thanks for your love and support!Your high score gives our team a great incentive!We are always looking for new ways to make our app more interesting for users.Please feel free to message with some ideas on how to make the app more fun through the feedback function in app.\r\n', 'modified': '2020-11-09T08:36:30Z'}"
2020-10-13 07:14:27,"Hfhdgege dhrhrhtjtmjdjdjekr,rktjrd",3,False,Gfututjt,Annie_cool21,
2020-04-23 03:27:17,Nice app,5,False,Nice app,Wazu.1314,
2020-03-29 09:34:48,Lovely,3,False,Nice,nikita12345@&,
2022-03-15 07:56:17,:/,1,False,Disgusting :),ddfxrxr,
2024-12-09 20:10:12,Wwwwwwwweewwwww,5,False,Ha,koibhinahihunamainyaar,
2020-04-13 09:15:31,It is giving me the feeling inused to have when I used to read Mills & Boon in my teenage.,3,False,Kinda like M&B in a game,kanyaghosh,
2019-08-17 09:38:56,I love your game immensely.please increase tickets and decrease the timing of tickets to refill . Keep posting more &more new beautiful love romance hot stories . ‚ù§Ô∏è,5,False,Increase diamonds & tickets,navya_pratti,
2019-01-29 20:28:03,But where the MOTHERFUCK is the search button?!,5,False,Actually well-written stories.,SN9944,
2019-04-30 13:30:33,This game is taking really so much time to load.Please solve this problem .,1,False,Time!,sooryanandan,
2017-11-26 09:08:01,It‚Äôs a good game alright but it needs coins at every other step . This is way too much . Choices is far better. I mean how can you ask coins at every damn step . Annoying,5,False,Needs money at every step,Manasaballa,
2018-01-20 08:09:13,"I absolutely love the game but I can‚Äôt progress onto the next chapters!
I can only play the first chapter of the story and then,ads start playing and I don‚Äôt and can‚Äôt progress in the story at all.Also my keys dont get deducted",1,False,Love the game but,tantanpan,
